{
  "metrics": {
    "aggregate_event_lift": 1.7697283311772316,
    "all_months_lift_above_one": true,
    "base_event_rate": 0.26185636856368566,
    "fn": 754,
    "fp": 22,
    "max_monthly_lift": 2.273086029992107,
    "mean_monthly_lift": 1.8526697832649146,
    "min_monthly_lift": 1.453125,
    "months": 4,
    "precision": 0.4634146341463415,
    "price_event_rows": 773,
    "recall": 0.02457956015523933,
    "rows": 2952,
    "signal_event_rate": 0.4634146341463415,
    "signal_rows": 41,
    "tn": 2157,
    "tp": 19
  },
  "source": "dashboards/cross_month_price_risk_DE-LU_2024-05_to_2024-08.csv",
  "version": "8I.1"
}