regime_label,count,share,version
EXTREME,1,0.001388888888888889,7B.1
NORMAL,620,0.8611111111111112,7B.1
STRESSED,6,0.008333333333333333,7B.1
WATCH,93,0.12916666666666668,7B.1
