regime_label,count,share,risk_diagnostic_schema_version
NORMAL,620,0.8611111111111112,4B.1
WATCH,93,0.12916666666666668,4B.1
STRESSED,6,0.008333333333333333,4B.1
EXTREME,1,0.001388888888888889,4B.1
