regime_label,count,share,risk_diagnostic_schema_version
NORMAL,664,0.8924731182795699,4B.1
WATCH,73,0.09811827956989247,4B.1
STRESSED,6,0.008064516129032258,4B.1
EXTREME,1,0.0013440860215053765,4B.1
