regime_label,count,share,risk_diagnostic_schema_version
NORMAL,52,0.7222222222222222,4B.1
WATCH,12,0.16666666666666666,4B.1
STRESSED,5,0.06944444444444445,4B.1
EXTREME,3,0.041666666666666664,4B.1
