regime_label,count,share,risk_diagnostic_schema_version
NORMAL,614,0.8252688172043011,4B.1
WATCH,111,0.14919354838709678,4B.1
STRESSED,17,0.0228494623655914,4B.1
EXTREME,2,0.002688172043010753,4B.1
