regime_label,count,share,risk_diagnostic_schema_version
NORMAL,645,0.8669354838709677,4B.1
WATCH,91,0.12231182795698925,4B.1
STRESSED,8,0.010752688172043012,4B.1
EXTREME,0,0.0,4B.1
